Time(s),CH1V,CH2V,CH4V
-1.920000e-03,6.800000e-02,2.093333e-02,-8.933334e-03
-1.900000e-03,6.026667e-02,1.900000e-02,-9.466667e-03
-1.880000e-03,6.346667e-02,2.206667e-02,-1.200000e-02
-1.860000e-03,6.880000e-02,1.913333e-02,-6.266667e-03
-1.840000e-03,6.506667e-02,2.000000e-02,-6.266667e-03
-1.820000e-03,6.586666e-02,1.706667e-02,-1.040000e-02
-1.800000e-03,5.706667e-02,1.573333e-02,-7.466667e-03
-1.780000e-03,6.026667e-02,1.893333e-02,-7.200000e-03
-1.760000e-03,5.920000e-02,2.393333e-02,-9.866667e-03
-1.740000e-03,5.760000e-02,2.093333e-02,-1.293333e-02
-1.720000e-03,6.160000e-02,1.880000e-02,-7.466667e-03
-1.700000e-03,6.773333e-02,1.693333e-02,-6.133333e-03
-1.680000e-03,5.866667e-02,1.880000e-02,-6.933333e-03
-1.660000e-03,6.293333e-02,1.773333e-02,-9.066666e-03
-1.640000e-03,6.373333e-02,2.193333e-02,-8.000000e-03
-1.620000e-03,6.533334e-02,2.460000e-02,-1.026667e-02
-1.600000e-03,6.853333e-02,2.086667e-02,-1.080000e-02
-1.580000e-03,6.106667e-02,1.886667e-02,-1.360000e-02
-1.560000e-03,5.973333e-02,1.693333e-02,-1.066667e-02
-1.540000e-03,6.693333e-02,1.606667e-02,-9.733333e-03
-1.520000e-03,6.213333e-02,2.333333e-02,-8.133333e-03
-1.500000e-03,6.933334e-02,2.160000e-02,-9.600000e-03
-1.480000e-03,7.413334e-02,2.293333e-02,-7.466667e-03
-1.460000e-03,7.253333e-02,1.773333e-02,-1.026667e-02
-1.440000e-03,5.786667e-02,1.706667e-02,-1.066667e-02
-1.420000e-03,6.613334e-02,1.560000e-02,-8.533333e-03
-1.400000e-03,6.346667e-02,1.780000e-02,-5.733334e-03
-1.380000e-03,6.426667e-02,2.193333e-02,-4.266667e-03
-1.360000e-03,7.120000e-02,2.106667e-02,-8.533333e-03
-1.340000e-03,6.746667e-02,2.046667e-02,-6.266667e-03
-1.320000e-03,7.360000e-02,1.320000e-02,-1.026667e-02
-1.300000e-03,6.693333e-02,1.520000e-02,-8.400000e-03
-1.280000e-03,6.506667e-02,1.673333e-02,-8.266667e-03
-1.260000e-03,5.786667e-02,2.113333e-02,-7.466667e-03
-1.240000e-03,7.013334e-02,2.420000e-02,-7.200000e-03
-1.220000e-03,6.106667e-02,2.073333e-02,-1.053333e-02
-1.200000e-03,7.413334e-02,1.753333e-02,-1.426667e-02
-1.180000e-03,6.640000e-02,1.593333e-02,-1.000000e-02
-1.160000e-03,5.920000e-02,1.873333e-02,-3.466667e-03
-1.140000e-03,7.280000e-02,2.086667e-02,-1.093333e-02
-1.120000e-03,6.693333e-02,2.453333e-02,-6.800000e-03
-1.100000e-03,7.946667e-02,2.286667e-02,-8.933334e-03
-1.080000e-03,7.360000e-02,1.746667e-02,-8.133333e-03
-1.060000e-03,7.280000e-02,1.300000e-02,-1.306667e-02
-1.040000e-03,6.773333e-02,1.846667e-02,-8.133333e-03
-1.020000e-03,6.000000e-02,2.000000e-02,-1.200000e-02
-1.000000e-03,6.560000e-02,2.133333e-02,-1.080000e-02
-9.800000e-04,7.280000e-02,2.106667e-02,-6.400000e-03
-9.600000e-04,7.440000e-02,1.906667e-02,-1.093333e-02
-9.400000e-04,6.666667e-02,1.660000e-02,-8.133333e-03
-9.200000e-04,6.240000e-02,1.553333e-02,-1.040000e-02
-9.000000e-04,6.426667e-02,2.000000e-02,-6.000000e-03
-8.800000e-04,6.453333e-02,2.100000e-02,-1.120000e-02
-8.600000e-04,7.333333e-02,2.293333e-02,-1.120000e-02
-8.400000e-04,6.480000e-02,2.133333e-02,-7.066667e-03
-8.200000e-04,6.506667e-02,1.853333e-02,-8.933334e-03
-8.000000e-04,5.786667e-02,1.580000e-02,-6.933333e-03
-7.800000e-04,5.973333e-02,1.960000e-02,-1.000000e-02
-7.600000e-04,5.546667e-02,2.173333e-02,-9.200000e-03
-7.400000e-04,6.373333e-02,2.346667e-02,-7.733333e-03
-7.200000e-04,6.560000e-02,2.193333e-02,-1.120000e-02
-7.000000e-04,6.800000e-02,1.466667e-02,-8.000000e-03
-6.800000e-04,6.693333e-02,1.220000e-02,-9.600000e-03
-6.600000e-04,6.480000e-02,1.640000e-02,-1.053333e-02
-6.400000e-04,6.480000e-02,2.100000e-02,-6.133333e-03
-6.200000e-04,6.080000e-02,2.306667e-02,-9.066666e-03
-6.000000e-04,6.720000e-02,2.206667e-02,-4.133333e-03
-5.800000e-04,6.160000e-02,1.813333e-02,-1.666667e-02
-5.600000e-04,7.040000e-02,1.526667e-02,-9.200000e-03
-5.400000e-04,6.506667e-02,1.760000e-02,-9.866667e-03
-5.200000e-04,5.946667e-02,1.846667e-02,-8.666667e-03
-5.000000e-04,6.666667e-02,2.106667e-02,-9.466667e-03
-4.800000e-04,6.506667e-02,2.073333e-02,-8.000000e-03
-4.600000e-04,7.893334e-02,2.160000e-02,-9.333333e-03
-4.400000e-04,7.333333e-02,1.566667e-02,-9.200000e-03
-4.200000e-04,6.400000e-02,1.646667e-02,-9.466667e-03
-4.000000e-04,5.813333e-02,1.566667e-02,-8.533333e-03
-3.800000e-04,7.120000e-02,2.206667e-02,-1.066667e-02
-3.600000e-04,6.800000e-02,2.340000e-02,-8.000000e-03
-3.400000e-04,6.906667e-02,2.226667e-02,-1.106667e-02
-3.200000e-04,7.306667e-02,1.580000e-02,-1.040000e-02
-3.000000e-04,6.586666e-02,1.353333e-02,-1.360000e-02
-2.800000e-04,5.893333e-02,1.740000e-02,-9.466667e-03
-2.600000e-04,6.453333e-02,2.193333e-02,-7.733333e-03
-2.400000e-04,6.933334e-02,2.306667e-02,-1.213333e-02
-2.200000e-04,6.693333e-02,2.126667e-02,-6.800000e-03
-2.000000e-04,6.693333e-02,1.760000e-02,-8.000000e-03
-1.800000e-04,6.266667e-02,1.833333e-02,-7.466667e-03
-1.600000e-04,6.106667e-02,1.426667e-02,-1.066667e-02
-1.400000e-04,6.293333e-02,2.126667e-02,-7.066667e-03
-1.200000e-04,6.720000e-02,2.446667e-02,-1.106667e-02
-1.000000e-04,6.800000e-02,2.133333e-02,-6.000000e-03
-8.000000e-05,6.773333e-02,2.053333e-02,-7.200000e-03
-6.000000e-05,7.013334e-02,1.466667e-02,-1.040000e-02
-4.000000e-05,6.346667e-02,1.593333e-02,-1.146667e-02
-2.000000e-05,6.773333e-02,1.766667e-02,-8.133333e-03
3.848918e-18,5.866667e-02,2.233333e-02,1.733333e-03
2.000000e-05,1.866667e-03,2.373333e-02,-1.080000e-02
4.000000e-05,2.673867e+00,-2.665333e-01,-1.266667e-02
6.000000e-05,2.717867e+00,2.761333e-01,-9.866667e-03
8.000000e-05,2.673333e+00,5.507333e-01,-8.533333e-03
1.000000e-04,2.636267e+00,3.028000e-01,-9.333333e-03
1.200000e-04,2.590667e+00,-2.135333e-01,-1.400000e-02
1.400000e-04,2.517600e+00,-4.800000e-01,-1.173333e-02
1.600000e-04,2.439733e+00,-2.533333e-01,-1.240000e-02
1.800000e-04,2.363200e+00,2.206000e-01,-6.400000e-03
2.000000e-04,2.290933e+00,4.727333e-01,-1.040000e-02
2.200000e-04,2.225600e+00,2.806000e-01,-1.066667e-02
2.400000e-04,2.127733e+00,-1.420667e-01,-1.026667e-02
2.600000e-04,2.039200e+00,-3.778000e-01,-1.280000e-02
2.800000e-04,1.936267e+00,-2.232000e-01,-1.373333e-02
3.000000e-04,1.865067e+00,1.400667e-01,-9.200000e-03
3.200000e-04,1.762133e+00,3.566000e-01,-9.600000e-03
3.400000e-04,1.665067e+00,2.408667e-01,-1.053333e-02
3.600000e-04,1.570933e+00,-5.773333e-02,-9.866667e-03
3.800000e-04,1.485067e+00,-2.543333e-01,-1.306667e-02
4.000000e-04,1.381067e+00,-1.818667e-01,-1.106667e-02
4.200000e-04,1.274133e+00,5.966667e-02,-9.866667e-03
4.400000e-04,1.185867e+00,2.279333e-01,-8.666667e-03
4.600000e-04,1.091200e+00,1.873333e-01,-8.933334e-03
4.800000e-04,9.930667e-01,9.600000e-03,-8.000000e-03
5.000000e-04,8.792000e-01,-1.244667e-01,-4.400000e-03
5.200000e-04,7.674667e-01,-1.092667e-01,-4.533333e-03
5.400000e-04,6.565334e-01,5.266667e-03,-8.266667e-03
5.600000e-04,5.648000e-01,9.600000e-02,-8.400000e-03
5.800000e-04,4.760000e-01,1.026667e-01,-8.133333e-03
6.000000e-04,3.848000e-01,5.213333e-02,-4.400000e-03
6.200000e-04,3.085333e-01,1.040000e-02,-4.533333e-03
6.400000e-04,2.581333e-01,-1.046667e-02,-8.933334e-03
6.600000e-04,2.720000e-01,-2.800000e-02,-5.866667e-03
6.800000e-04,3.365333e-01,-3.826667e-02,-1.186667e-02
7.000000e-04,4.234667e-01,-6.733333e-03,-9.466667e-03
7.200000e-04,5.298667e-01,7.660000e-02,-9.466667e-03
7.400000e-04,6.458667e-01,1.402667e-01,-8.133333e-03
7.600000e-04,7.618667e-01,9.486667e-02,-9.866667e-03
7.800000e-04,8.661333e-01,-5.006667e-02,-7.466667e-03
8.000000e-04,9.800000e-01,-1.636667e-01,-1.213333e-02
8.200000e-04,1.044533e+00,-1.014000e-01,-9.733333e-03
8.400000e-04,1.149867e+00,9.873334e-02,-8.666667e-03
8.600000e-04,1.257600e+00,2.578000e-01,-1.373333e-02
8.800000e-04,1.334133e+00,1.812667e-01,-1.040000e-02
9.000000e-04,1.412000e+00,-7.373334e-02,-1.120000e-02
9.200000e-04,1.462667e+00,-2.607333e-01,-1.386667e-02
9.400000e-04,1.513867e+00,-1.695333e-01,-1.373333e-02
9.600000e-04,1.552267e+00,1.204000e-01,-8.533333e-03
9.800000e-04,1.617067e+00,3.288667e-01,-1.026667e-02
1.000000e-03,1.659200e+00,2.338667e-01,-8.800000e-03
1.020000e-03,1.686667e+00,-8.573333e-02,-1.120000e-02
1.040000e-03,1.700267e+00,-3.048667e-01,-1.186667e-02
1.060000e-03,1.705867e+00,-2.031333e-01,-1.146667e-02
1.080000e-03,1.711200e+00,1.224667e-01,-6.800000e-03
1.100000e-03,1.715467e+00,3.486667e-01,-1.213333e-02
1.120000e-03,1.739733e+00,2.484667e-01,-4.533333e-03
1.140000e-03,1.727733e+00,-7.653333e-02,-1.000000e-02
1.160000e-03,1.711200e+00,-3.057333e-01,-1.080000e-02
1.180000e-03,1.691200e+00,-2.134667e-01,-1.160000e-02
1.200000e-03,1.667200e+00,1.057333e-01,-1.106667e-02
1.220000e-03,1.655733e+00,3.320000e-01,-5.733334e-03
1.240000e-03,1.645067e+00,2.514667e-01,-1.053333e-02
1.260000e-03,1.616800e+00,-5.120000e-02,-1.240000e-02
1.280000e-03,1.600533e+00,-2.760000e-01,-1.173333e-02
1.300000e-03,1.563200e+00,-2.065333e-01,-1.120000e-02
1.320000e-03,1.524000e+00,7.606667e-02,-1.213333e-02
1.340000e-03,1.518400e+00,2.960667e-01,-9.866667e-03
1.360000e-03,1.489333e+00,2.430000e-01,-9.600000e-03
1.380000e-03,1.448000e+00,-2.620000e-02,-1.160000e-02
1.400000e-03,1.419733e+00,-2.340667e-01,-1.306667e-02
1.420000e-03,1.381067e+00,-1.894000e-01,-1.213333e-02
1.440000e-03,1.333600e+00,5.046667e-02,-1.533333e-02
1.460000e-03,1.289600e+00,2.497333e-01,-1.293333e-02
1.480000e-03,1.275467e+00,2.128000e-01,-1.053333e-02
1.500000e-03,1.217867e+00,-9.600000e-03,-8.133333e-03
1.520000e-03,1.164533e+00,-1.834667e-01,-1.426667e-02
1.540000e-03,1.100000e+00,-1.480000e-01,-1.120000e-02
1.560000e-03,1.041600e+00,4.300000e-02,-1.146667e-02
1.580000e-03,9.840000e-01,1.920667e-01,-9.866667e-03
1.600000e-03,9.296000e-01,1.551333e-01,-1.106667e-02
1.620000e-03,8.752000e-01,-1.333333e-04,-5.733334e-03
1.640000e-03,8.048000e-01,-1.184667e-01,-4.933333e-03
1.660000e-03,7.218667e-01,-8.920000e-02,-1.106667e-02
1.680000e-03,6.578667e-01,3.513333e-02,-7.066667e-03
1.700000e-03,5.986667e-01,1.212667e-01,-6.266667e-03
1.720000e-03,5.437334e-01,9.740000e-02,-6.533334e-03
1.740000e-03,4.898667e-01,1.220000e-02,-4.800000e-03
1.760000e-03,4.237333e-01,-4.666667e-02,-1.120000e-02
1.780000e-03,3.378667e-01,-3.046667e-02,-9.466667e-03
1.800000e-03,2.752000e-01,2.133333e-02,-8.400000e-03
1.820000e-03,2.266667e-01,5.220000e-02,-7.466667e-03
1.840000e-03,1.808000e-01,4.793333e-02,-6.666667e-03
1.860000e-03,1.506667e-01,2.986667e-02,-9.333333e-03
1.880000e-03,1.266667e-01,1.746667e-02,-5.466667e-03
1.900000e-03,1.240000e-01,1.340000e-02,-1.080000e-02
1.920000e-03,1.504000e-01,-2.933333e-03,-9.866667e-03
1.940000e-03,1.762667e-01,-7.666667e-03,-1.026667e-02
1.960000e-03,2.138667e-01,1.313333e-02,-5.866667e-03
1.980000e-03,2.426667e-01,4.920000e-02,-4.266667e-03
2.000000e-03,2.781333e-01,6.433333e-02,-6.666667e-03
2.020000e-03,3.200000e-01,3.453333e-02,-4.933333e-03
2.040000e-03,3.464000e-01,-1.746667e-02,-6.800000e-03
2.060000e-03,3.642667e-01,-4.386667e-02,-5.466667e-03
2.080000e-03,3.674667e-01,-5.666667e-03,-9.066666e-03
2.100000e-03,3.896000e-01,5.973333e-02,-6.400000e-03
2.120000e-03,4.197333e-01,9.433334e-02,-8.666667e-03
2.140000e-03,4.581333e-01,5.620000e-02,-2.666667e-03
2.160000e-03,4.650667e-01,-2.526667e-02,-7.733333e-03
2.180000e-03,4.634667e-01,-6.520000e-02,-5.066667e-03
2.200000e-03,4.664000e-01,-2.273333e-02,-6.400000e-03
2.220000e-03,4.856000e-01,6.300000e-02,-7.333334e-03
2.240000e-03,5.061333e-01,1.108000e-01,-7.066667e-03
2.260000e-03,5.237333e-01,6.773333e-02,-4.133333e-03
2.280000e-03,5.354667e-01,-2.526667e-02,-5.733334e-03
2.300000e-03,5.365334e-01,-7.873333e-02,-1.066667e-03
2.320000e-03,5.389333e-01,-3.706667e-02,-9.466667e-03
2.340000e-03,5.509334e-01,6.380000e-02,-6.000000e-03
2.360000e-03,5.536000e-01,1.200000e-01,-1.066667e-02
2.380000e-03,5.789334e-01,7.913333e-02,-5.466667e-03
2.400000e-03,6.013333e-01,-2.606667e-02,-7.466667e-03
2.420000e-03,6.101333e-01,-9.260000e-02,-4.133333e-03
2.440000e-03,5.797333e-01,-4.266667e-02,-6.533334e-03
2.460000e-03,5.864000e-01,6.753334e-02,-5.466667e-03
2.480000e-03,5.930667e-01,1.292000e-01,-1.413333e-02
2.500000e-03,6.053333e-01,8.020000e-02,-8.800000e-03
2.520000e-03,6.034667e-01,-2.826667e-02,-3.733333e-03
2.540000e-03,5.874667e-01,-9.006667e-02,-1.186667e-02
2.560000e-03,5.693333e-01,-3.873333e-02,-5.200000e-03
2.580000e-03,5.640000e-01,7.013334e-02,-1.040000e-02
2.600000e-03,5.752000e-01,1.253333e-01,-3.466667e-03
2.620000e-03,5.677333e-01,7.346667e-02,-1.240000e-02
2.640000e-03,5.474667e-01,-2.833333e-02,-4.800000e-03
2.660000e-03,5.250667e-01,-7.766667e-02,-5.333333e-03
2.680000e-03,5.176000e-01,-2.920000e-02,-6.266667e-03
2.700000e-03,4.952000e-01,6.566667e-02,-6.533334e-03
2.720000e-03,4.936000e-01,1.090000e-01,-7.200000e-03
2.740000e-03,4.946667e-01,6.526667e-02,-9.600000e-03
2.760000e-03,4.717333e-01,-1.720000e-02,-5.466667e-03
2.780000e-03,4.434667e-01,-6.173334e-02,-1.053333e-02
2.800000e-03,4.202667e-01,-2.213333e-02,-7.200000e-03
2.820000e-03,3.933333e-01,5.000000e-02,-6.933333e-03
2.840000e-03,3.917333e-01,8.926667e-02,-9.200000e-03
2.860000e-03,3.906667e-01,6.133333e-02,-6.533334e-03
2.880000e-03,3.786667e-01,-2.200000e-03,-1.053333e-02
2.900000e-03,3.586667e-01,-4.266667e-02,-1.373333e-02
2.920000e-03,3.306667e-01,-2.473333e-02,-5.333333e-03
2.940000e-03,3.168000e-01,2.953333e-02,-8.400000e-03
2.960000e-03,3.162667e-01,6.860000e-02,-9.466667e-03
2.980000e-03,3.232000e-01,6.360000e-02,-7.600000e-03
3.000000e-03,3.109334e-01,1.653333e-02,-8.800000e-03
3.020000e-03,3.080000e-01,-2.453333e-02,-5.733334e-03
3.040000e-03,2.880000e-01,-2.686667e-02,-1.026667e-02
3.060000e-03,2.754667e-01,1.126667e-02,-1.266667e-02
3.080000e-03,2.912000e-01,5.600000e-02,-9.200000e-03
3.100000e-03,2.837333e-01,6.873333e-02,-9.600000e-03
3.120000e-03,2.842667e-01,3.880000e-02,-8.933334e-03
3.140000e-03,2.920000e-01,-9.000001e-03,-7.733333e-03
3.160000e-03,2.781333e-01,-2.813333e-02,-8.666667e-03
3.180000e-03,2.757333e-01,-8.066666e-03,-3.066667e-03
3.200000e-03,2.640000e-01,3.653333e-02,-8.266667e-03
3.220000e-03,2.762667e-01,6.513333e-02,-7.466667e-03
3.240000e-03,3.034667e-01,5.606667e-02,-1.093333e-02
3.260000e-03,2.896000e-01,1.273333e-02,-3.866667e-03
3.280000e-03,2.928000e-01,-2.740000e-02,-8.533333e-03
3.300000e-03,2.896000e-01,-2.420000e-02,-1.000000e-02
3.320000e-03,2.904000e-01,1.806667e-02,-7.200000e-03
3.340000e-03,3.048000e-01,6.353334e-02,-8.533333e-03
3.360000e-03,3.280000e-01,7.180000e-02,-1.000000e-02
3.380000e-03,3.400000e-01,2.973333e-02,-8.933334e-03
3.400000e-03,3.426667e-01,-2.200000e-02,-9.466667e-03
3.420000e-03,3.333333e-01,-3.946667e-02,-9.066666e-03
3.440000e-03,3.373334e-01,-6.000000e-04,-9.733333e-03
3.460000e-03,3.568000e-01,6.026667e-02,-5.733334e-03
3.480000e-03,3.760000e-01,8.746666e-02,-1.040000e-02
3.500000e-03,3.909333e-01,5.073334e-02,-9.733333e-03
3.520000e-03,3.941333e-01,-1.866667e-02,-5.733334e-03
3.540000e-03,3.912000e-01,-5.073334e-02,-7.066667e-03
3.560000e-03,3.877333e-01,-1.693333e-02,-7.733333e-03
3.580000e-03,3.816000e-01,4.873333e-02,-6.666667e-03
3.600000e-03,4.069333e-01,9.133334e-02,-8.666667e-03
3.620000e-03,4.144000e-01,6.253333e-02,-6.266667e-03
3.640000e-03,4.136000e-01,-8.800000e-03,-1.053333e-02
3.660000e-03,4.072000e-01,-4.946667e-02,-9.333333e-03
3.680000e-03,3.960000e-01,-2.726667e-02,-9.333333e-03
3.700000e-03,3.997333e-01,3.860000e-02,-8.000000e-03
3.720000e-03,3.925333e-01,8.580000e-02,-4.000000e-03
3.740000e-03,4.109333e-01,7.293333e-02,-4.933333e-03
3.760000e-03,4.010667e-01,6.800000e-03,-3.600000e-03
3.780000e-03,3.890667e-01,-4.413334e-02,-1.106667e-02
3.800000e-03,3.717333e-01,-3.420000e-02,-3.600000e-03
3.820000e-03,3.645333e-01,2.246667e-02,-4.533333e-03
3.840000e-03,3.530667e-01,7.706667e-02,-8.666667e-03
3.860000e-03,3.642667e-01,7.413334e-02,-6.533334e-03
3.880000e-03,3.685333e-01,2.373333e-02,-9.066666e-03
3.900000e-03,3.432000e-01,-2.920000e-02,-1.320000e-02
3.920000e-03,3.237333e-01,-3.253333e-02,-4.933333e-03
3.940000e-03,3.045333e-01,6.333333e-03,-7.600000e-03
3.960000e-03,3.165333e-01,5.826667e-02,-6.933333e-03
3.980000e-03,3.122667e-01,7.326667e-02,-8.133333e-03
4.000000e-03,3.205333e-01,4.200000e-02,-5.333333e-03
4.020000e-03,3.109334e-01,-5.466667e-03,-7.733333e-03
4.040000e-03,2.885333e-01,-2.966667e-02,-1.173333e-02
4.060000e-03,2.794667e-01,-1.073333e-02,-6.666667e-03
4.080000e-03,2.800000e-01,3.286667e-02,-8.666667e-03
4.100000e-03,2.877333e-01,6.853333e-02,-7.466667e-03
4.120000e-03,2.928000e-01,6.006667e-02,-9.466667e-03
4.140000e-03,2.960000e-01,1.980000e-02,-5.733334e-03
4.160000e-03,2.858667e-01,-2.313333e-02,-6.666667e-03
4.180000e-03,2.890667e-01,-3.020000e-02,-1.040000e-02
4.200000e-03,2.816000e-01,7.666667e-03,-4.800000e-03
4.220000e-03,2.970667e-01,5.833333e-02,-9.866667e-03
4.240000e-03,3.002667e-01,7.006667e-02,-8.000000e-03
4.260000e-03,3.250667e-01,4.293333e-02,-9.200000e-03
4.280000e-03,3.317333e-01,-9.333333e-03,-3.466667e-03
4.300000e-03,3.229333e-01,-3.746667e-02,-1.133333e-02
4.320000e-03,3.154667e-01,-1.220000e-02,-4.000000e-03
4.340000e-03,3.274667e-01,4.233333e-02,-5.866667e-03
4.360000e-03,3.544000e-01,8.020000e-02,-6.666667e-03
4.380000e-03,3.466667e-01,6.173334e-02,-8.533333e-03
4.400000e-03,3.597333e-01,6.266667e-03,-8.266667e-03
4.420000e-03,3.645333e-01,-3.900000e-02,-5.066667e-03
4.440000e-03,3.594667e-01,-3.426667e-02,-9.066666e-03
4.460000e-03,3.504000e-01,2.380000e-02,-9.200000e-03
4.480000e-03,3.778667e-01,7.733333e-02,-7.066667e-03
4.500000e-03,3.861333e-01,7.960000e-02,-1.173333e-02
4.520000e-03,3.989334e-01,2.573333e-02,-2.933333e-03
4.540000e-03,4.016000e-01,-3.760000e-02,-6.666667e-03
4.560000e-03,4.034667e-01,-4.806667e-02,-3.466667e-03
4.580000e-03,3.842667e-01,7.200000e-03,-7.200000e-03
4.600000e-03,3.890667e-01,6.940000e-02,-7.333334e-03
4.620000e-03,3.984000e-01,8.853333e-02,-6.133333e-03
4.640000e-03,4.098667e-01,3.966667e-02,-5.733334e-03
4.660000e-03,4.096000e-01,-2.633333e-02,-8.000000e-03
4.680000e-03,3.973333e-01,-4.993333e-02,-1.080000e-02
4.700000e-03,3.976000e-01,-8.133333e-03,-6.533334e-03
4.720000e-03,3.789333e-01,5.800000e-02,-5.866667e-03
4.740000e-03,3.928000e-01,8.973333e-02,-6.400000e-03
4.760000e-03,3.906667e-01,5.006667e-02,-8.266667e-03
4.780000e-03,3.965333e-01,-1.573333e-02,-7.333334e-03
4.800000e-03,3.773333e-01,-4.686667e-02,-7.200000e-03
4.820000e-03,3.530667e-01,-1.500000e-02,-1.066667e-02
4.840000e-03,3.421333e-01,4.540000e-02,-9.600000e-03
4.860000e-03,3.442667e-01,7.960000e-02,-1.106667e-02
4.880000e-03,3.440000e-01,5.720000e-02,-4.800000e-03
4.900000e-03,3.250667e-01,-1.533333e-03,-6.666667e-03
4.920000e-03,3.165333e-01,-3.420000e-02,-1.200000e-02
4.940000e-03,2.976000e-01,-1.893333e-02,-2.800000e-03
4.960000e-03,2.778667e-01,3.080000e-02,-6.533334e-03
4.980000e-03,2.824000e-01,6.506667e-02,-4.533333e-03
5.000000e-03,2.730667e-01,5.486667e-02,-8.800000e-03
5.020000e-03,2.592000e-01,1.660000e-02,-1.133333e-02
5.040000e-03,2.509333e-01,-1.766667e-02,-8.266667e-03
5.060000e-03,2.160000e-01,-1.506667e-02,-6.133333e-03
5.080000e-03,1.970667e-01,1.400000e-02,-7.600000e-03
5.100000e-03,2.053333e-01,4.533333e-02,-2.266667e-03
5.120000e-03,2.056000e-01,5.306667e-02,-5.866667e-03
5.140000e-03,1.981333e-01,3.306667e-02,-9.200000e-03
5.160000e-03,1.794667e-01,5.133334e-03,-8.666667e-03
5.180000e-03,1.733333e-01,-1.073333e-02,-9.866667e-03
5.200000e-03,1.618667e-01,-4.000000e-04,-6.400000e-03
5.220000e-03,1.453333e-01,2.333333e-02,-4.933333e-03
5.240000e-03,1.506667e-01,4.020000e-02,-7.333334e-03
5.260000e-03,1.634667e-01,4.300000e-02,-1.093333e-02
5.280000e-03,1.770667e-01,2.800000e-02,-1.026667e-02
5.300000e-03,1.704000e-01,1.733333e-03,-7.733333e-03
5.320000e-03,1.701333e-01,-9.733333e-03,-6.800000e-03
5.340000e-03,1.565333e-01,5.733334e-03,-1.146667e-02
5.360000e-03,1.709333e-01,3.273333e-02,-8.800000e-03
5.380000e-03,1.760000e-01,4.673333e-02,-6.800000e-03
5.400000e-03,1.906667e-01,3.980000e-02,-6.533334e-03
5.420000e-03,2.152000e-01,1.400000e-02,-6.800000e-03
5.440000e-03,2.048000e-01,-1.200000e-02,-9.200000e-03
5.460000e-03,2.005333e-01,-1.140000e-02,-7.733333e-03
5.480000e-03,2.146667e-01,1.740000e-02,-9.200000e-03
5.500000e-03,2.173333e-01,4.966667e-02,-6.000000e-03
5.520000e-03,2.418667e-01,5.626667e-02,-8.400000e-03
5.540000e-03,2.477333e-01,2.700000e-02,-6.000000e-03
5.560000e-03,2.512000e-01,-1.100000e-02,-3.866667e-03
5.580000e-03,2.482667e-01,-2.313333e-02,-7.200000e-03
5.600000e-03,2.370667e-01,7.933334e-03,-5.200000e-03
5.620000e-03,2.533333e-01,4.780000e-02,-5.466667e-03
5.640000e-03,2.744000e-01,6.500000e-02,-1.240000e-02
5.660000e-03,2.805333e-01,3.920000e-02,-5.866667e-03
5.680000e-03,2.872000e-01,-8.400000e-03,-1.026667e-02
5.700000e-03,2.781333e-01,-2.773333e-02,-1.106667e-02
5.720000e-03,2.650667e-01,-1.733333e-03,-6.933333e-03
5.740000e-03,2.741333e-01,4.366667e-02,-6.400000e-03
5.760000e-03,2.872000e-01,6.940000e-02,-9.866667e-03
5.780000e-03,2.965333e-01,4.506667e-02,-4.666667e-03
5.800000e-03,2.802667e-01,-3.200000e-03,-6.666667e-03
5.820000e-03,2.904000e-01,-3.040000e-02,-7.733333e-03
5.840000e-03,2.752000e-01,-8.666667e-03,-8.266667e-03
5.860000e-03,2.666667e-01,3.766667e-02,-5.466667e-03
5.880000e-03,2.712000e-01,6.500000e-02,-1.213333e-02
5.900000e-03,2.765333e-01,5.046667e-02,-8.133333e-03
5.920000e-03,2.674667e-01,4.066667e-03,-8.266667e-03
5.940000e-03,2.544000e-01,-2.286667e-02,-6.933333e-03
5.960000e-03,2.333333e-01,-8.533333e-03,-4.800000e-03
5.980000e-03,2.298667e-01,3.140000e-02,-5.333333e-03
6.000000e-03,2.309333e-01,5.733334e-02,-9.066666e-03
6.020000e-03,2.288000e-01,4.246667e-02,-8.666667e-03
6.040000e-03,2.349333e-01,1.026667e-02,-7.200000e-03
6.060000e-03,2.117333e-01,-1.313333e-02,-7.733333e-03
6.080000e-03,1.837333e-01,-4.533333e-03,-5.066667e-03
6.100000e-03,1.818667e-01,2.393333e-02,-1.000000e-02
6.120000e-03,1.858667e-01,4.780000e-02,-5.066667e-03
6.140000e-03,1.890667e-01,4.320000e-02,-9.866667e-03
6.160000e-03,1.853333e-01,1.993333e-02,-8.533333e-03
6.180000e-03,1.741333e-01,-4.333334e-03,-6.800000e-03
6.200000e-03,1.501333e-01,-4.000000e-03,-9.333333e-03
6.220000e-03,1.501333e-01,1.786667e-02,-9.200000e-03
6.240000e-03,1.410667e-01,3.633333e-02,-3.200000e-03
6.260000e-03,1.250667e-01,3.720000e-02,-1.026667e-02
6.280000e-03,1.394667e-01,2.180000e-02,-8.133333e-03
6.300000e-03,1.173333e-01,6.333333e-03,-6.400000e-03
6.320000e-03,1.034667e-01,4.066667e-03,-9.600000e-03
6.340000e-03,8.586667e-02,1.720000e-02,-9.333333e-03
6.360000e-03,8.400000e-02,2.500000e-02,-1.093333e-02
6.380000e-03,8.773334e-02,3.006667e-02,-4.533333e-03
6.400000e-03,8.640000e-02,2.266667e-02,-8.266667e-03
6.420000e-03,8.160000e-02,1.546667e-02,-1.053333e-02
6.440000e-03,7.653333e-02,1.326667e-02,-8.533333e-03
6.460000e-03,6.480000e-02,1.486667e-02,-1.080000e-02
6.480000e-03,5.733334e-02,1.866667e-02,-1.040000e-02
6.500000e-03,5.733334e-02,2.040000e-02,-8.533333e-03
6.520000e-03,7.306667e-02,2.560000e-02,-8.266667e-03
6.540000e-03,7.760000e-02,2.393333e-02,-9.866667e-03
6.560000e-03,9.200000e-02,2.166667e-02,-7.066667e-03
6.580000e-03,9.146667e-02,1.220000e-02,-7.200000e-03
6.600000e-03,8.373334e-02,9.533334e-03,-9.200000e-03
6.620000e-03,8.266667e-02,1.213333e-02,-8.133333e-03
6.640000e-03,8.773334e-02,2.546667e-02,-1.093333e-02
6.660000e-03,9.760000e-02,3.313334e-02,-5.733334e-03
6.680000e-03,1.237333e-01,2.860000e-02,-8.266667e-03
6.700000e-03,1.069333e-01,1.346667e-02,-6.133333e-03
6.720000e-03,1.120000e-01,3.200000e-03,-1.040000e-02
6.740000e-03,1.072000e-01,9.333333e-03,-1.026667e-02
6.760000e-03,1.240000e-01,2.553333e-02,-4.933333e-03
6.780000e-03,1.360000e-01,4.220000e-02,-6.133333e-03
6.800000e-03,1.282667e-01,2.920000e-02,-6.400000e-03
6.820000e-03,1.421333e-01,1.186667e-02,-9.733333e-03
6.840000e-03,1.346667e-01,2.133333e-03,-8.933334e-03
6.860000e-03,1.202667e-01,4.533333e-03,-8.133333e-03
6.880000e-03,1.282667e-01,2.346667e-02,-1.053333e-02
6.900000e-03,1.261333e-01,3.786667e-02,-1.026667e-02
6.920000e-03,1.405333e-01,3.360000e-02,-7.733333e-03
6.940000e-03,1.405333e-01,1.240000e-02,-1.160000e-02
6.960000e-03,1.333333e-01,1.466667e-03,-1.106667e-02
6.980000e-03,1.256000e-01,3.533333e-03,-9.066666e-03
7.000000e-03,1.200000e-01,2.373333e-02,-8.266667e-03
7.020000e-03,1.301333e-01,3.953333e-02,-7.333334e-03
7.040000e-03,1.378667e-01,3.573333e-02,-1.120000e-02
7.060000e-03,1.373333e-01,1.606667e-02,-1.000000e-02
7.080000e-03,1.264000e-01,-8.000000e-04,-1.000000e-02
7.100000e-03,1.122667e-01,3.666667e-03,-4.933333e-03
7.120000e-03,1.237333e-01,2.513333e-02,-6.000000e-03
7.140000e-03,1.245333e-01,3.700000e-02,-7.733333e-03
7.160000e-03,1.341333e-01,3.586667e-02,-1.133333e-02
7.180000e-03,1.432000e-01,1.773333e-02,-6.933333e-03
7.200000e-03,1.312000e-01,4.000000e-04,-9.200000e-03
7.220000e-03,1.181333e-01,3.533333e-03,-9.733333e-03
7.240000e-03,1.138667e-01,2.053333e-02,-7.733333e-03
7.260000e-03,1.229333e-01,3.600000e-02,-5.466667e-03
7.280000e-03,1.282667e-01,3.553334e-02,-7.600000e-03
7.300000e-03,1.400000e-01,1.880000e-02,-7.466667e-03
7.320000e-03,1.232000e-01,4.333334e-03,-9.466667e-03
7.340000e-03,1.018667e-01,4.733333e-03,-9.200000e-03
7.360000e-03,1.021333e-01,1.933333e-02,-8.933334e-03
7.380000e-03,1.098667e-01,3.553334e-02,-1.133333e-02
7.400000e-03,1.101333e-01,3.046667e-02,-3.466667e-03
7.420000e-03,1.061333e-01,1.900000e-02,-8.266667e-03
7.440000e-03,9.840000e-02,5.933333e-03,-8.266667e-03
7.460000e-03,9.573334e-02,7.600000e-03,-6.266667e-03
7.480000e-03,8.533333e-02,2.093333e-02,-9.466667e-03
7.500000e-03,8.586667e-02,3.000000e-02,-8.000000e-03
7.520000e-03,9.786667e-02,2.906667e-02,-5.866667e-03
7.540000e-03,9.200000e-02,2.060000e-02,-8.666667e-03
7.560000e-03,8.240000e-02,9.533334e-03,-6.800000e-03
7.580000e-03,8.080000e-02,9.933334e-03,-1.026667e-02
7.600000e-03,6.720000e-02,1.780000e-02,-9.333333e-03
7.620000e-03,7.333333e-02,2.606667e-02,-6.400000e-03
7.640000e-03,8.773334e-02,2.660000e-02,-8.400000e-03
7.660000e-03,8.186667e-02,1.760000e-02,-1.173333e-02
7.680000e-03,7.333333e-02,1.140000e-02,-1.240000e-02
7.700000e-03,6.826667e-02,1.213333e-02,-1.493333e-02
7.720000e-03,6.933334e-02,2.006667e-02,-9.200000e-03
7.740000e-03,7.013334e-02,2.446667e-02,-6.000000e-03
7.760000e-03,8.720000e-02,2.620000e-02,-8.000000e-03
7.780000e-03,7.653333e-02,2.060000e-02,-1.026667e-02
7.800000e-03,6.480000e-02,1.546667e-02,-1.053333e-02
7.820000e-03,6.773333e-02,1.540000e-02,-7.200000e-03
7.840000e-03,6.480000e-02,1.666667e-02,-8.800000e-03
7.860000e-03,6.373333e-02,2.200000e-02,-1.133333e-02
7.880000e-03,7.066667e-02,2.480000e-02,-7.733333e-03
7.900000e-03,7.280000e-02,2.240000e-02,-5.733334e-03
7.920000e-03,8.133333e-02,1.746667e-02,-1.053333e-02
7.940000e-03,6.933334e-02,1.453333e-02,-9.866667e-03
7.960000e-03,7.120000e-02,1.313333e-02,-1.066667e-02
7.980000e-03,6.640000e-02,1.933333e-02,-5.866667e-03
8.000000e-03,6.213333e-02,1.953333e-02,-6.800000e-03
8.020000e-03,7.120000e-02,2.246667e-02,-8.266667e-03
8.040000e-03,6.640000e-02,2.026667e-02,-9.733333e-03
8.060000e-03,6.880000e-02,1.846667e-02,-9.200000e-03
8.080000e-03,6.746667e-02,1.600000e-02,-7.200000e-03
8.100000e-03,6.133333e-02,1.866667e-02,-6.266667e-03
8.120000e-03,5.973333e-02,2.060000e-02,-8.933334e-03
8.140000e-03,6.586666e-02,2.360000e-02,-5.866667e-03
8.160000e-03,7.066667e-02,2.440000e-02,-1.320000e-02
8.180000e-03,7.173333e-02,1.900000e-02,-1.173333e-02
8.200000e-03,7.253333e-02,1.640000e-02,-6.133333e-03
8.220000e-03,7.200000e-02,1.066667e-02,-8.800000e-03
8.240000e-03,7.066667e-02,1.600000e-02,-6.400000e-03
8.260000e-03,6.640000e-02,2.386667e-02,-1.306667e-02
8.280000e-03,8.133333e-02,2.713333e-02,-5.466667e-03
8.300000e-03,8.320000e-02,2.100000e-02,-8.933334e-03
8.320000e-03,8.053333e-02,1.453333e-02,-9.466667e-03
8.340000e-03,8.346666e-02,1.053333e-02,-1.320000e-02
8.360000e-03,7.680000e-02,1.440000e-02,-5.200000e-03
8.380000e-03,7.440000e-02,2.506667e-02,-8.933334e-03
8.400000e-03,8.400000e-02,2.853333e-02,-8.800000e-03
8.420000e-03,8.986667e-02,2.606667e-02,-8.933334e-03
8.440000e-03,8.906667e-02,1.560000e-02,-1.120000e-02
8.460000e-03,8.693334e-02,9.866667e-03,-9.466667e-03
8.480000e-03,8.880000e-02,1.126667e-02,-9.600000e-03
8.500000e-03,8.426667e-02,2.253333e-02,-7.333334e-03
8.520000e-03,9.680000e-02,2.993333e-02,-3.466667e-03
8.540000e-03,9.600000e-02,2.646667e-02,-8.666667e-03
8.560000e-03,8.506667e-02,1.873333e-02,-8.266667e-03
8.580000e-03,9.333333e-02,8.733333e-03,-1.306667e-02
8.600000e-03,8.266667e-02,1.093333e-02,-8.533333e-03
8.620000e-03,7.360000e-02,2.026667e-02,-1.200000e-02
8.640000e-03,8.026667e-02,2.586667e-02,-9.733333e-03
8.660000e-03,9.413333e-02,2.746667e-02,-9.066666e-03
8.680000e-03,9.386667e-02,2.160000e-02,-9.200000e-03
8.700000e-03,8.266667e-02,1.273333e-02,-4.133333e-03
8.720000e-03,8.320000e-02,8.600000e-03,-1.320000e-02
8.740000e-03,8.640000e-02,1.686667e-02,-9.466667e-03
8.760000e-03,8.293334e-02,2.906667e-02,-8.533333e-03
8.780000e-03,1.056000e-01,3.200000e-02,-5.200000e-03
8.800000e-03,1.090667e-01,2.213333e-02,-8.800000e-03
8.820000e-03,1.034667e-01,1.000000e-02,-6.933333e-03
8.840000e-03,8.586667e-02,5.866667e-03,-1.106667e-02
8.860000e-03,9.200000e-02,1.380000e-02,-8.400000e-03
8.880000e-03,9.386667e-02,2.706667e-02,-8.800000e-03
8.900000e-03,1.053333e-01,3.306667e-02,-1.106667e-02
8.920000e-03,1.109333e-01,2.580000e-02,-6.666667e-03
8.940000e-03,9.600000e-02,1.346667e-02,-9.200000e-03
8.960000e-03,1.005333e-01,6.266667e-03,-7.600000e-03
8.980000e-03,8.400000e-02,1.153333e-02,-1.160000e-02
9.000000e-03,8.480000e-02,2.440000e-02,-6.266667e-03
9.020000e-03,8.933333e-02,2.900000e-02,-1.026667e-02
9.040000e-03,1.120000e-01,2.906667e-02,-4.666667e-03
9.060000e-03,9.813333e-02,1.573333e-02,-9.333333e-03
9.080000e-03,9.200000e-02,7.333334e-03,-1.346667e-02
9.100000e-03,8.586667e-02,9.200000e-03,-7.466667e-03
9.120000e-03,8.346666e-02,2.053333e-02,-5.866667e-03
9.140000e-03,8.640000e-02,3.053333e-02,-8.800000e-03
9.160000e-03,8.746666e-02,2.700000e-02,-9.600000e-03
9.180000e-03,9.520000e-02,1.773333e-02,-8.133333e-03
9.200000e-03,8.986667e-02,9.666666e-03,-6.000000e-03
9.220000e-03,8.320000e-02,9.400000e-03,-1.120000e-02
9.240000e-03,7.760000e-02,1.886667e-02,-5.466667e-03
9.260000e-03,7.413334e-02,2.633333e-02,-9.600000e-03
9.280000e-03,9.146667e-02,2.860000e-02,-4.933333e-03
9.300000e-03,9.173334e-02,2.226667e-02,-8.533333e-03
9.320000e-03,8.666667e-02,1.566667e-02,-9.466667e-03
9.340000e-03,8.320000e-02,1.260000e-02,-7.733333e-03
9.360000e-03,7.760000e-02,1.546667e-02,-8.533333e-03
9.380000e-03,7.573333e-02,2.506667e-02,-4.400000e-03
9.400000e-03,7.386667e-02,2.613333e-02,-9.600000e-03
9.420000e-03,7.866666e-02,2.700000e-02,-1.533333e-02
9.440000e-03,8.133333e-02,1.686667e-02,-8.933334e-03
9.460000e-03,7.546667e-02,1.086667e-02,-9.200000e-03
9.480000e-03,7.040000e-02,9.800000e-03,-1.066667e-02
9.500000e-03,6.293333e-02,1.866667e-02,-1.306667e-02
9.520000e-03,7.253333e-02,2.546667e-02,-1.160000e-02
9.540000e-03,7.653333e-02,2.693333e-02,-9.200000e-03
9.560000e-03,7.733333e-02,1.993333e-02,-5.866667e-03
9.580000e-03,8.666667e-02,1.620000e-02,-1.026667e-02
9.600000e-03,7.333333e-02,1.273333e-02,-6.533334e-03
9.620000e-03,6.453333e-02,1.366667e-02,-1.320000e-02
9.640000e-03,6.773333e-02,1.933333e-02,-1.146667e-02
9.660000e-03,6.880000e-02,2.560000e-02,-8.800000e-03
9.680000e-03,8.746666e-02,2.593333e-02,-7.200000e-03
9.700000e-03,8.053333e-02,1.786667e-02,-9.733333e-03
9.720000e-03,7.840000e-02,1.520000e-02,-9.733333e-03
9.740000e-03,7.706667e-02,1.120000e-02,-9.200000e-03
9.760000e-03,7.306667e-02,1.726667e-02,-9.866667e-03
9.780000e-03,7.440000e-02,2.320000e-02,-6.533334e-03
9.800000e-03,8.853333e-02,2.973333e-02,-9.600000e-03
9.820000e-03,9.253334e-02,2.453333e-02,-1.226667e-02
9.840000e-03,9.440000e-02,1.393333e-02,-9.733333e-03
9.860000e-03,8.693334e-02,8.800000e-03,-1.053333e-02
9.880000e-03,8.026667e-02,1.453333e-02,-1.026667e-02
9.900000e-03,8.693334e-02,2.373333e-02,-1.506667e-02
9.920000e-03,8.880000e-02,3.060000e-02,-7.466667e-03
9.940000e-03,9.626666e-02,2.560000e-02,-9.600000e-03
9.960000e-03,1.064000e-01,1.480000e-02,-1.280000e-02
9.980000e-03,9.626666e-02,7.066667e-03,-9.333333e-03
1.000000e-02,8.960000e-02,1.113333e-02,-8.533333e-03
1.002000e-02,7.973333e-02,2.346667e-02,-7.200000e-03
1.004000e-02,8.720000e-02,3.053333e-02,-1.000000e-02
1.006000e-02,1.090667e-01,2.780000e-02,-9.466667e-03
1.008000e-02,1.088000e-01,1.946667e-02,-1.080000e-02
1.010000e-02,9.573334e-02,9.133333e-03,-1.106667e-02
1.012000e-02,8.800000e-02,9.733333e-03,-8.933334e-03
1.014000e-02,9.626666e-02,1.980000e-02,-6.533334e-03
1.016000e-02,9.493333e-02,3.073333e-02,-8.266667e-03
1.018000e-02,9.680000e-02,2.960000e-02,-1.200000e-02
1.020000e-02,1.034667e-01,1.946667e-02,-8.666667e-03
1.022000e-02,9.813333e-02,1.113333e-02,-7.066667e-03
1.024000e-02,8.773334e-02,7.466667e-03,-7.466667e-03
1.026000e-02,8.826667e-02,1.733333e-02,-5.466667e-03
1.028000e-02,9.093334e-02,2.986667e-02,-4.933333e-03
1.030000e-02,9.280000e-02,3.073333e-02,-7.733333e-03
1.032000e-02,9.680000e-02,2.480000e-02,-9.333333e-03
1.034000e-02,1.018667e-01,1.026667e-02,-1.293333e-02
1.036000e-02,8.506667e-02,8.200000e-03,-1.160000e-02
1.038000e-02,7.253333e-02,1.746667e-02,-5.200000e-03
1.040000e-02,7.546667e-02,2.580000e-02,-5.866667e-03
1.042000e-02,8.453333e-02,2.780000e-02,-1.080000e-02
1.044000e-02,9.013333e-02,2.380000e-02,-7.600000e-03
1.046000e-02,8.506667e-02,1.346667e-02,-6.133333e-03
1.048000e-02,7.546667e-02,1.366667e-02,-7.200000e-03
1.050000e-02,7.733333e-02,1.666667e-02,-7.466667e-03
1.052000e-02,6.160000e-02,2.380000e-02,-7.333334e-03
1.054000e-02,7.200000e-02,2.453333e-02,-8.400000e-03
1.056000e-02,7.760000e-02,2.166667e-02,-1.066667e-02
1.058000e-02,6.933334e-02,2.006667e-02,-8.666667e-03
1.060000e-02,6.506667e-02,1.386667e-02,-9.866667e-03
1.062000e-02,6.426667e-02,1.600000e-02,-8.666667e-03
1.064000e-02,6.293333e-02,1.700000e-02,-7.733333e-03
1.066000e-02,6.960000e-02,2.140000e-02,-1.066667e-02
1.068000e-02,6.453333e-02,2.213333e-02,-1.093333e-02
1.070000e-02,6.800000e-02,2.113333e-02,-6.666667e-03
1.072000e-02,6.480000e-02,1.900000e-02,-8.800000e-03
1.074000e-02,6.346667e-02,1.646667e-02,-8.533333e-03
1.076000e-02,6.986666e-02,1.586667e-02,-1.133333e-02
1.078000e-02,6.106667e-02,1.933333e-02,-1.026667e-02
1.080000e-02,7.386667e-02,2.546667e-02,-5.866667e-03
1.082000e-02,7.520000e-02,2.453333e-02,-9.200000e-03
1.084000e-02,7.920000e-02,2.340000e-02,-7.200000e-03
1.086000e-02,7.440000e-02,1.566667e-02,-8.133333e-03
1.088000e-02,7.200000e-02,1.393333e-02,-9.866667e-03
1.090000e-02,7.440000e-02,1.420000e-02,-8.133333e-03
1.092000e-02,6.480000e-02,1.953333e-02,-1.200000e-02
1.094000e-02,7.760000e-02,2.820000e-02,-8.133333e-03
1.096000e-02,8.026667e-02,2.480000e-02,-1.160000e-02
1.098000e-02,8.480000e-02,1.780000e-02,-7.066667e-03
1.100000e-02,8.373334e-02,1.046667e-02,-1.066667e-02
1.102000e-02,7.626667e-02,1.166667e-02,-9.200000e-03
1.104000e-02,6.986666e-02,1.946667e-02,-8.800000e-03
1.106000e-02,7.680000e-02,2.840000e-02,-5.200000e-03
1.108000e-02,8.293334e-02,2.793333e-02,-8.666667e-03
1.110000e-02,8.906667e-02,1.880000e-02,-9.866667e-03
1.112000e-02,8.080000e-02,1.493333e-02,-1.373333e-02
1.114000e-02,7.520000e-02,1.160000e-02,-8.133333e-03
1.116000e-02,7.120000e-02,1.980000e-02,-5.066667e-03
1.118000e-02,7.120000e-02,2.673333e-02,-1.306667e-02
1.120000e-02,8.720000e-02,2.880000e-02,-8.000000e-03
1.122000e-02,9.600000e-02,2.193333e-02,-8.400000e-03
1.124000e-02,8.933333e-02,1.026667e-02,-9.600000e-03
1.126000e-02,7.786667e-02,8.666667e-03,-7.733333e-03
1.128000e-02,7.840000e-02,1.720000e-02,-1.160000e-02
1.130000e-02,7.066667e-02,2.546667e-02,-1.213333e-02
1.132000e-02,8.053333e-02,2.693333e-02,-5.466667e-03
1.134000e-02,9.066667e-02,2.333333e-02,-9.333333e-03
1.136000e-02,8.480000e-02,1.493333e-02,-1.146667e-02
1.138000e-02,7.466666e-02,1.340000e-02,-7.200000e-03
1.140000e-02,6.800000e-02,1.933333e-02,-6.266667e-03
1.142000e-02,6.826667e-02,2.313333e-02,-8.266667e-03
1.144000e-02,8.000000e-02,2.700000e-02,-7.066667e-03
1.146000e-02,8.373334e-02,2.153333e-02,-1.080000e-02
1.148000e-02,7.120000e-02,1.453333e-02,-1.000000e-02
1.150000e-02,6.880000e-02,1.220000e-02,-9.600000e-03
1.152000e-02,6.533334e-02,1.606667e-02,-9.600000e-03
1.154000e-02,6.613334e-02,2.173333e-02,-7.066667e-03
1.156000e-02,6.800000e-02,2.560000e-02,-9.866667e-03
1.158000e-02,7.200000e-02,2.293333e-02,-9.066666e-03
1.160000e-02,7.573333e-02,1.906667e-02,-1.066667e-02
1.162000e-02,7.066667e-02,1.280000e-02,-8.133333e-03
1.164000e-02,6.320000e-02,1.733333e-02,-8.800000e-03
1.166000e-02,5.946667e-02,2.026667e-02,-6.000000e-03
1.168000e-02,7.146667e-02,2.113333e-02,-8.133333e-03
1.170000e-02,6.986666e-02,2.226667e-02,-9.333333e-03
1.172000e-02,7.066667e-02,1.700000e-02,-7.200000e-03
1.174000e-02,7.466666e-02,1.886667e-02,-5.866667e-03
1.176000e-02,6.106667e-02,1.740000e-02,-2.533333e-03
1.178000e-02,5.813333e-02,2.006667e-02,-8.133333e-03
1.180000e-02,5.493334e-02,2.160000e-02,-8.800000e-03
1.182000e-02,6.346667e-02,2.266667e-02,-1.120000e-02
1.184000e-02,6.346667e-02,1.933333e-02,-1.146667e-02
1.186000e-02,6.240000e-02,1.986667e-02,-4.400000e-03
1.188000e-02,6.880000e-02,2.060000e-02,-1.240000e-02
1.190000e-02,6.373333e-02,1.766667e-02,-8.133333e-03
1.192000e-02,6.213333e-02,1.640000e-02,-7.733333e-03
1.194000e-02,6.026667e-02,1.846667e-02,-1.106667e-02
1.196000e-02,6.720000e-02,2.400000e-02,-6.800000e-03
1.198000e-02,6.720000e-02,2.000000e-02,-9.200000e-03
1.200000e-02,6.613334e-02,2.013333e-02,-8.000000e-03
1.202000e-02,6.373333e-02,1.560000e-02,-1.200000e-02
1.204000e-02,6.400000e-02,1.906667e-02,-4.266667e-03
1.206000e-02,6.080000e-02,1.826667e-02,-8.266667e-03
1.208000e-02,6.880000e-02,2.206667e-02,-9.066666e-03
1.210000e-02,7.280000e-02,2.553333e-02,-6.266667e-03
1.212000e-02,6.773333e-02,2.213333e-02,-9.466667e-03
1.214000e-02,7.173333e-02,1.580000e-02,-1.026667e-02
1.216000e-02,7.786667e-02,1.313333e-02,-7.466667e-03
1.218000e-02,6.826667e-02,1.866667e-02,-6.000000e-03
1.220000e-02,7.333333e-02,2.353333e-02,-8.533333e-03
1.222000e-02,7.413334e-02,2.520000e-02,-4.533333e-03
1.224000e-02,7.440000e-02,2.253333e-02,-1.240000e-02
1.226000e-02,6.853333e-02,1.453333e-02,-1.066667e-02
1.228000e-02,6.506667e-02,1.433333e-02,-8.400000e-03
1.230000e-02,6.480000e-02,1.846667e-02,-1.280000e-02
1.232000e-02,6.080000e-02,2.273333e-02,-1.146667e-02
1.234000e-02,6.880000e-02,2.393333e-02,-7.333334e-03
1.236000e-02,6.960000e-02,1.980000e-02,-8.266667e-03
1.238000e-02,7.253333e-02,1.520000e-02,-1.000000e-02
1.240000e-02,7.360000e-02,1.226667e-02,-1.120000e-02
1.242000e-02,6.426667e-02,1.906667e-02,-1.146667e-02
1.244000e-02,6.266667e-02,2.133333e-02,-7.733333e-03
1.246000e-02,6.933334e-02,2.433333e-02,-1.173333e-02
1.248000e-02,7.626667e-02,2.066667e-02,-9.200000e-03
1.250000e-02,6.693333e-02,1.646667e-02,-8.533333e-03
1.252000e-02,6.800000e-02,1.540000e-02,-1.040000e-02
1.254000e-02,6.640000e-02,1.726667e-02,-1.093333e-02
1.256000e-02,6.613334e-02,2.346667e-02,-5.733334e-03
1.258000e-02,6.880000e-02,2.373333e-02,-6.933333e-03
1.260000e-02,7.680000e-02,2.360000e-02,-5.333333e-03
1.262000e-02,7.120000e-02,1.726667e-02,-8.666667e-03
1.264000e-02,7.066667e-02,1.886667e-02,-6.800000e-03
1.266000e-02,6.106667e-02,1.673333e-02,-1.000000e-02
1.268000e-02,6.160000e-02,2.300000e-02,-8.933334e-03
1.270000e-02,6.320000e-02,2.140000e-02,-4.800000e-03
1.272000e-02,6.746667e-02,1.886667e-02,-6.533334e-03
1.274000e-02,6.666667e-02,1.666667e-02,-8.400000e-03
1.276000e-02,5.680000e-02,1.846667e-02,-8.800000e-03
1.278000e-02,6.426667e-02,1.840000e-02,-1.293333e-02
1.280000e-02,6.160000e-02,2.100000e-02,-1.053333e-02
1.282000e-02,6.346667e-02,2.213333e-02,-1.360000e-02
1.284000e-02,7.493334e-02,1.826667e-02,-5.866667e-03
1.286000e-02,5.733334e-02,1.840000e-02,-8.400000e-03
1.288000e-02,6.400000e-02,1.626667e-02,-1.080000e-02
1.290000e-02,6.853333e-02,2.153333e-02,-1.160000e-02
1.292000e-02,6.746667e-02,2.140000e-02,-5.466667e-03
1.294000e-02,6.960000e-02,2.153333e-02,-6.666667e-03
1.296000e-02,6.080000e-02,1.753333e-02,-5.333333e-03
1.298000e-02,6.373333e-02,2.160000e-02,-1.213333e-02
1.300000e-02,5.893333e-02,2.073333e-02,-9.333333e-03
1.302000e-02,6.186667e-02,2.153333e-02,-1.106667e-02
1.304000e-02,5.573333e-02,1.800000e-02,-8.266667e-03
1.306000e-02,6.213333e-02,2.040000e-02,-1.120000e-02
1.308000e-02,6.693333e-02,1.626667e-02,-8.533333e-03
1.310000e-02,6.160000e-02,1.813333e-02,-1.213333e-02
1.312000e-02,6.346667e-02,2.300000e-02,-7.333334e-03
1.314000e-02,6.080000e-02,2.193333e-02,-3.866667e-03
1.316000e-02,6.933334e-02,1.926667e-02,-8.933334e-03
1.318000e-02,6.746667e-02,1.740000e-02,-1.066667e-02
1.320000e-02,5.440000e-02,1.686667e-02,-8.933334e-03
1.322000e-02,5.946667e-02,1.946667e-02,-1.053333e-02
1.324000e-02,6.640000e-02,2.166667e-02,-9.200000e-03
1.326000e-02,6.373333e-02,2.113333e-02,-8.533333e-03
1.328000e-02,6.480000e-02,1.840000e-02,-7.733333e-03
1.330000e-02,6.346667e-02,1.800000e-02,-1.040000e-02
1.332000e-02,6.293333e-02,1.726667e-02,-8.933334e-03
1.334000e-02,6.560000e-02,2.193333e-02,-8.133333e-03
1.336000e-02,7.386667e-02,2.306667e-02,-7.466667e-03
1.338000e-02,6.613334e-02,2.186667e-02,-1.053333e-02
1.340000e-02,6.426667e-02,1.686667e-02,-1.360000e-02
1.342000e-02,6.373333e-02,1.533333e-02,-8.266667e-03
1.344000e-02,6.240000e-02,1.553333e-02,-6.933333e-03
1.346000e-02,6.533334e-02,2.193333e-02,-3.200000e-03
1.348000e-02,6.933334e-02,2.360000e-02,-1.066667e-02
1.350000e-02,6.720000e-02,1.806667e-02,-8.666667e-03
1.352000e-02,6.506667e-02,1.693333e-02,-8.533333e-03
1.354000e-02,6.586666e-02,1.586667e-02,-9.333333e-03
1.356000e-02,6.266667e-02,1.940000e-02,-7.466667e-03
1.358000e-02,5.946667e-02,1.906667e-02,-1.280000e-02
1.360000e-02,6.880000e-02,2.133333e-02,-8.933334e-03
1.362000e-02,6.986666e-02,2.026667e-02,-1.066667e-02
1.364000e-02,6.746667e-02,1.733333e-02,-9.600000e-03
1.366000e-02,6.666667e-02,1.700000e-02,-7.733333e-03
1.368000e-02,5.520000e-02,1.866667e-02,-8.666667e-03
1.370000e-02,7.093333e-02,2.293333e-02,-7.333334e-03
1.372000e-02,6.133333e-02,1.986667e-02,-1.226667e-02
1.374000e-02,6.506667e-02,2.340000e-02,-1.026667e-02
1.376000e-02,6.480000e-02,1.760000e-02,-7.333334e-03
1.378000e-02,6.266667e-02,1.546667e-02,-1.040000e-02
1.380000e-02,6.266667e-02,2.113333e-02,-7.333334e-03
1.382000e-02,6.400000e-02,2.366667e-02,-8.533333e-03
1.384000e-02,6.426667e-02,2.166667e-02,-6.533334e-03
1.386000e-02,7.493334e-02,2.006667e-02,-7.200000e-03
1.388000e-02,6.213333e-02,1.746667e-02,-1.000000e-02
1.390000e-02,6.373333e-02,1.673333e-02,-6.533334e-03
1.392000e-02,6.133333e-02,1.840000e-02,-1.133333e-02
1.394000e-02,6.133333e-02,2.113333e-02,-3.600000e-03
1.396000e-02,6.693333e-02,2.133333e-02,-9.866667e-03
1.398000e-02,6.400000e-02,1.853333e-02,-8.000000e-03
1.400000e-02,6.266667e-02,1.686667e-02,-6.400000e-03
1.402000e-02,6.853333e-02,1.400000e-02,-1.053333e-02
1.404000e-02,5.626667e-02,2.160000e-02,-8.000000e-03
1.406000e-02,6.186667e-02,2.373333e-02,-6.000000e-03
1.408000e-02,6.720000e-02,2.193333e-02,-9.600000e-03
1.410000e-02,6.000000e-02,1.786667e-02,-8.666667e-03
1.412000e-02,6.293333e-02,1.593333e-02,-7.333334e-03
1.414000e-02,5.760000e-02,1.720000e-02,-8.133333e-03
1.416000e-02,6.506667e-02,2.140000e-02,-6.666667e-03
1.418000e-02,5.946667e-02,2.080000e-02,-8.800000e-03
1.420000e-02,7.013334e-02,1.700000e-02,-6.266667e-03
1.422000e-02,6.560000e-02,1.860000e-02,-1.213333e-02
1.424000e-02,6.293333e-02,1.726667e-02,-7.600000e-03
1.426000e-02,6.053333e-02,1.753333e-02,-8.000000e-03
1.428000e-02,6.186667e-02,1.946667e-02,-7.200000e-03
1.430000e-02,5.840000e-02,1.980000e-02,-7.466667e-03
1.432000e-02,6.240000e-02,2.000000e-02,-7.600000e-03
1.434000e-02,6.666667e-02,1.873333e-02,-1.120000e-02
1.436000e-02,7.573333e-02,2.113333e-02,-8.800000e-03
1.438000e-02,6.746667e-02,1.746667e-02,-1.200000e-02
1.440000e-02,6.240000e-02,1.653333e-02,-8.000000e-03
1.442000e-02,6.480000e-02,1.540000e-02,-1.360000e-02
1.444000e-02,6.346667e-02,1.746667e-02,-7.333334e-03
1.446000e-02,6.266667e-02,1.986667e-02,-8.533333e-03
1.448000e-02,6.426667e-02,2.040000e-02,-1.053333e-02
1.450000e-02,7.040000e-02,2.073333e-02,-8.533333e-03
1.452000e-02,6.400000e-02,1.760000e-02,-1.120000e-02
1.454000e-02,6.613334e-02,1.640000e-02,-9.600000e-03
1.456000e-02,6.053333e-02,1.993333e-02,-1.080000e-02
1.458000e-02,6.720000e-02,1.940000e-02,-1.200000e-02
1.460000e-02,5.946667e-02,2.246667e-02,-7.333334e-03
1.462000e-02,6.453333e-02,1.900000e-02,-8.800000e-03
1.464000e-02,7.280000e-02,1.953333e-02,-7.466667e-03
1.466000e-02,5.360000e-02,1.706667e-02,-1.186667e-02
1.468000e-02,6.213333e-02,1.660000e-02,-1.106667e-02
1.470000e-02,5.973333e-02,2.180000e-02,-7.733333e-03
1.472000e-02,6.346667e-02,2.226667e-02,-8.133333e-03
1.474000e-02,8.080000e-02,2.140000e-02,-6.133333e-03
1.476000e-02,6.826667e-02,1.853333e-02,-5.733334e-03
1.478000e-02,6.373333e-02,1.760000e-02,-8.666667e-03
1.480000e-02,6.346667e-02,1.666667e-02,-7.466667e-03
1.482000e-02,6.906667e-02,2.040000e-02,-9.200000e-03
1.484000e-02,7.173333e-02,2.573333e-02,-4.533333e-03
1.486000e-02,7.146667e-02,2.280000e-02,-1.066667e-02
1.488000e-02,6.960000e-02,1.500000e-02,-8.666667e-03
1.490000e-02,6.213333e-02,1.466667e-02,-1.173333e-02
1.492000e-02,5.200000e-02,1.840000e-02,-9.066666e-03
1.494000e-02,5.653333e-02,1.933333e-02,-8.266667e-03
1.496000e-02,6.720000e-02,2.333333e-02,-7.066667e-03
1.498000e-02,6.373333e-02,2.306667e-02,-1.000000e-02
1.500000e-02,6.560000e-02,1.860000e-02,-9.066666e-03
1.502000e-02,6.293333e-02,1.753333e-02,-1.186667e-02
1.504000e-02,6.213333e-02,1.700000e-02,-1.053333e-02
1.506000e-02,5.920000e-02,1.986667e-02,-1.040000e-02
1.508000e-02,6.320000e-02,2.126667e-02,-8.133333e-03
1.510000e-02,7.360000e-02,2.340000e-02,-1.066667e-02
1.512000e-02,6.880000e-02,1.926667e-02,-7.466667e-03
1.514000e-02,7.386667e-02,1.973333e-02,-6.933333e-03
1.516000e-02,5.813333e-02,1.880000e-02,-8.800000e-03
1.518000e-02,6.133333e-02,1.900000e-02,-5.333333e-03
1.520000e-02,6.426667e-02,2.186667e-02,-6.933333e-03
1.522000e-02,5.786667e-02,2.133333e-02,-1.066667e-02
1.524000e-02,6.133333e-02,1.846667e-02,-5.066667e-03
1.526000e-02,6.640000e-02,1.780000e-02,-9.066666e-03
1.528000e-02,6.053333e-02,1.500000e-02,-8.133333e-03
1.530000e-02,6.293333e-02,1.840000e-02,-8.400000e-03
1.532000e-02,6.746667e-02,1.840000e-02,-8.000000e-03
1.534000e-02,6.480000e-02,2.153333e-02,-1.186667e-02
1.536000e-02,5.760000e-02,2.266667e-02,-6.933333e-03
1.538000e-02,6.133333e-02,1.986667e-02,-6.266667e-03
1.540000e-02,6.933334e-02,1.853333e-02,-1.266667e-02
1.542000e-02,6.533334e-02,1.866667e-02,-6.533334e-03
1.544000e-02,5.920000e-02,1.840000e-02,-8.000000e-03
1.546000e-02,5.440000e-02,1.933333e-02,-8.666667e-03
1.548000e-02,5.440000e-02,2.046667e-02,-8.933334e-03
1.550000e-02,6.480000e-02,2.186667e-02,-1.160000e-02
1.552000e-02,6.800000e-02,2.000000e-02,-1.213333e-02
1.554000e-02,6.826667e-02,1.680000e-02,-7.333334e-03
1.556000e-02,5.840000e-02,1.673333e-02,-1.320000e-02
1.558000e-02,5.200000e-02,1.840000e-02,-9.866667e-03
1.560000e-02,6.906667e-02,2.366667e-02,-1.120000e-02
1.562000e-02,6.293333e-02,2.126667e-02,-1.306667e-02
1.564000e-02,6.586666e-02,1.966667e-02,-9.600000e-03
1.566000e-02,6.400000e-02,1.553333e-02,-7.333334e-03
1.568000e-02,6.293333e-02,1.600000e-02,-1.146667e-02
1.570000e-02,5.813333e-02,1.686667e-02,-9.866667e-03
1.572000e-02,6.560000e-02,1.800000e-02,-6.533334e-03
1.574000e-02,6.480000e-02,2.213333e-02,-4.800000e-03
1.576000e-02,6.106667e-02,2.066667e-02,-1.240000e-02
1.578000e-02,6.880000e-02,1.846667e-02,-9.466667e-03
1.580000e-02,6.240000e-02,1.526667e-02,-7.600000e-03
1.582000e-02,6.666667e-02,1.726667e-02,-1.000000e-02
1.584000e-02,6.373333e-02,1.853333e-02,-9.733333e-03
1.586000e-02,6.613334e-02,2.253333e-02,-8.800000e-03
1.588000e-02,7.226667e-02,2.086667e-02,-6.266667e-03
1.590000e-02,6.533334e-02,1.793333e-02,-6.933333e-03
1.592000e-02,6.453333e-02,1.826667e-02,-8.400000e-03
1.594000e-02,5.733334e-02,1.993333e-02,-6.400000e-03
1.596000e-02,5.946667e-02,1.940000e-02,-1.173333e-02
1.598000e-02,7.040000e-02,2.213333e-02,-1.173333e-02
1.600000e-02,6.160000e-02,2.040000e-02,-9.466667e-03
1.602000e-02,7.146667e-02,1.826667e-02,-4.933333e-03
1.604000e-02,6.746667e-02,1.653333e-02,-1.000000e-02
1.606000e-02,5.733334e-02,1.626667e-02,-1.506667e-02
1.608000e-02,6.240000e-02,1.913333e-02,-1.000000e-02
1.610000e-02,6.160000e-02,2.180000e-02,-7.066667e-03
1.612000e-02,7.386667e-02,2.493333e-02,-9.333333e-03
1.614000e-02,6.426667e-02,2.180000e-02,-7.066667e-03
1.616000e-02,6.533334e-02,1.566667e-02,-9.066666e-03
1.618000e-02,5.866667e-02,1.740000e-02,-9.600000e-03
1.620000e-02,7.040000e-02,2.100000e-02,-8.533333e-03
1.622000e-02,6.266667e-02,1.900000e-02,-7.200000e-03
1.624000e-02,6.293333e-02,2.146667e-02,-1.306667e-02
1.626000e-02,6.560000e-02,1.953333e-02,-6.266667e-03
1.628000e-02,5.786667e-02,1.480000e-02,-1.186667e-02
1.630000e-02,6.160000e-02,1.873333e-02,-1.186667e-02
1.632000e-02,5.386667e-02,1.786667e-02,-8.533333e-03
1.634000e-02,5.520000e-02,1.873333e-02,-8.133333e-03
1.636000e-02,6.400000e-02,2.140000e-02,-6.266667e-03
1.638000e-02,6.373333e-02,2.033333e-02,-1.026667e-02
1.640000e-02,6.346667e-02,1.893333e-02,-1.320000e-02
1.642000e-02,5.573333e-02,1.900000e-02,-1.053333e-02
1.644000e-02,7.226667e-02,1.966667e-02,-6.933333e-03
1.646000e-02,5.840000e-02,2.046667e-02,-1.026667e-02
1.648000e-02,5.626667e-02,1.986667e-02,-6.933333e-03
1.650000e-02,6.320000e-02,1.813333e-02,-9.200000e-03
1.652000e-02,6.640000e-02,1.933333e-02,-1.000000e-02
1.654000e-02,6.053333e-02,1.760000e-02,-6.000000e-03
1.656000e-02,6.453333e-02,1.826667e-02,-8.800000e-03
1.658000e-02,5.626667e-02,2.186667e-02,-8.800000e-03
1.660000e-02,6.186667e-02,1.800000e-02,-6.000000e-03
1.662000e-02,6.693333e-02,2.146667e-02,-8.400000e-03
1.664000e-02,6.480000e-02,2.033333e-02,-6.666667e-03
1.666000e-02,6.373333e-02,2.186667e-02,-1.066667e-02
1.668000e-02,6.240000e-02,1.660000e-02,-9.066666e-03
1.670000e-02,6.346667e-02,1.786667e-02,-8.800000e-03
1.672000e-02,6.213333e-02,1.860000e-02,-8.266667e-03
1.674000e-02,6.000000e-02,2.146667e-02,-8.800000e-03
1.676000e-02,6.640000e-02,2.273333e-02,-9.200000e-03
1.678000e-02,6.026667e-02,2.040000e-02,-9.600000e-03
1.680000e-02,7.226667e-02,2.006667e-02,-9.066666e-03
1.682000e-02,6.480000e-02,1.840000e-02,-1.160000e-02
1.684000e-02,5.946667e-02,1.913333e-02,-1.280000e-02
1.686000e-02,5.946667e-02,2.200000e-02,-1.000000e-02
1.688000e-02,7.600000e-02,2.346667e-02,-9.600000e-03
1.690000e-02,6.266667e-02,2.086667e-02,-9.333333e-03
1.692000e-02,6.666667e-02,1.753333e-02,-6.000000e-03
1.694000e-02,6.480000e-02,1.593333e-02,-8.133333e-03
1.696000e-02,5.973333e-02,1.933333e-02,-8.933334e-03
1.698000e-02,5.920000e-02,1.886667e-02,-1.200000e-02
1.700000e-02,6.666667e-02,2.373333e-02,-7.066667e-03
1.702000e-02,6.640000e-02,2.093333e-02,-8.933334e-03
1.704000e-02,5.946667e-02,1.960000e-02,-7.333334e-03
1.706000e-02,6.506667e-02,1.826667e-02,-9.066666e-03
1.708000e-02,6.533334e-02,1.853333e-02,-3.066667e-03
1.710000e-02,6.293333e-02,1.986667e-02,-9.466667e-03
1.712000e-02,6.080000e-02,2.013333e-02,-8.266667e-03
1.714000e-02,6.773333e-02,2.126667e-02,-1.040000e-02
1.716000e-02,6.800000e-02,1.773333e-02,-1.106667e-02
1.718000e-02,6.800000e-02,1.753333e-02,-7.066667e-03
1.720000e-02,6.026667e-02,1.753333e-02,-8.000000e-03
1.722000e-02,6.480000e-02,2.013333e-02,-1.040000e-02
1.724000e-02,6.000000e-02,2.213333e-02,-7.466667e-03
1.726000e-02,7.360000e-02,2.293333e-02,-8.800000e-03
1.728000e-02,7.226667e-02,1.953333e-02,-5.333333e-03
1.730000e-02,6.213333e-02,1.780000e-02,-7.200000e-03
1.732000e-02,6.373333e-02,1.966667e-02,-1.240000e-02
1.734000e-02,5.760000e-02,2.026667e-02,-6.133333e-03
1.736000e-02,6.000000e-02,2.013333e-02,-1.160000e-02
1.738000e-02,5.946667e-02,2.260000e-02,-1.026667e-02
1.740000e-02,7.013334e-02,2.260000e-02,-7.066667e-03
1.742000e-02,5.866667e-02,1.553333e-02,-7.200000e-03
1.744000e-02,6.293333e-02,1.946667e-02,-1.053333e-02
1.746000e-02,6.186667e-02,1.833333e-02,-9.600000e-03
1.748000e-02,5.920000e-02,2.140000e-02,-1.173333e-02
1.750000e-02,5.520000e-02,1.913333e-02,-6.800000e-03
1.752000e-02,6.666667e-02,2.193333e-02,-7.600000e-03
1.754000e-02,5.493334e-02,1.620000e-02,-1.160000e-02
1.756000e-02,6.106667e-02,2.026667e-02,-8.800000e-03
1.758000e-02,6.240000e-02,1.740000e-02,-8.666667e-03
1.760000e-02,6.213333e-02,2.053333e-02,-1.000000e-02
1.762000e-02,6.560000e-02,2.053333e-02,-8.800000e-03
1.764000e-02,6.426667e-02,1.826667e-02,-9.866667e-03
1.766000e-02,6.426667e-02,1.900000e-02,-7.333334e-03
1.768000e-02,6.666667e-02,1.940000e-02,-6.666667e-03
1.770000e-02,5.973333e-02,1.913333e-02,-1.066667e-02
1.772000e-02,6.720000e-02,1.946667e-02,-1.040000e-02
1.774000e-02,6.693333e-02,2.086667e-02,-6.533334e-03
1.776000e-02,6.773333e-02,1.980000e-02,-9.733333e-03
1.778000e-02,6.453333e-02,1.953333e-02,-1.093333e-02
1.780000e-02,6.186667e-02,2.086667e-02,-5.200000e-03
1.782000e-02,6.400000e-02,1.666667e-02,-1.146667e-02
1.784000e-02,6.533334e-02,2.100000e-02,-9.600000e-03
1.786000e-02,6.213333e-02,1.966667e-02,-9.466667e-03
1.788000e-02,6.320000e-02,2.006667e-02,-9.600000e-03
1.790000e-02,6.800000e-02,2.053333e-02,-9.866667e-03
1.792000e-02,6.800000e-02,1.893333e-02,-1.000000e-02
1.794000e-02,5.360000e-02,1.733333e-02,-7.200000e-03
1.796000e-02,6.426667e-02,1.686667e-02,-4.933333e-03
1.798000e-02,6.213333e-02,2.033333e-02,-9.733333e-03
1.800000e-02,6.320000e-02,2.113333e-02,-8.533333e-03
1.802000e-02,6.106667e-02,2.206667e-02,-7.600000e-03
1.804000e-02,6.400000e-02,2.166667e-02,-8.800000e-03
1.806000e-02,6.026667e-02,1.846667e-02,-1.026667e-02
